CÓDIGO DE TRIBUTAÇĂO NACIONAL;ITEM;SUBITEM;DESDOBRO NACIONAL;DESCRIÇĂO
;01;00;00;Serviços de Informática e congęneres.
;01;01;00;Análise e desenvolvimento de sistemas.
010101;01;01;01;Análise e desenvolvimento de sistemas.
;01;02;00;Programaçăo.
010201;01;02;01;Programaçăo.
;01;03;00;Processamento, armazenamento ou hospedagem de dados, textos, imagens, vídeos, páginas eletrônicas, aplicativos e sistemas de informaçăo, entre outros formatos, e congęneres.
010301;01;03;01;Processamento de dados, textos, imagens, vídeos, páginas eletrônicas, aplicativos e sistemas de informaçăo, entre outros formatos, e congęneres.
010302;01;03;02;Armazenamento ou hospedagem de dados, textos, imagens, vídeos, páginas eletrônicas, aplicativos e sistemas de informaçăo, entre outros formatos, e congęneres.
;01;04;00;Elaboraçăo de programas de computadores, inclusive de jogos eletrônicos, independentemente da arquitetura construtiva da máquina em que o programa será executado, incluindo tablets, smartphones e congęneres.
010401;01;04;01;Elaboraçăo de programas de computadores, inclusive de jogos eletrônicos, independentemente da arquitetura construtiva da máquina em que o programa será executado, incluindo tablets, smartphones e congęneres.
;01;05;00;Licenciamento ou cessăo de direito de uso de programas de computaçăo.
010501;01;05;01;Licenciamento ou cessăo de direito de uso de programas de computaçăo.
;01;06;00;Assessoria e consultoria em informática.
010601;01;06;01;Assessoria e consultoria em informática.
;01;07;00;Suporte técnico em informática, inclusive instalaçăo, configuraçăo e manutençăo de programas de computaçăo e bancos de dados.
010701;01;07;01;Suporte técnico em informática, inclusive instalaçăo, configuraçăo e manutençăo de programas de computaçăo e bancos de dados.
;01;08;00;Planejamento, confecçăo, manutençăo e atualizaçăo de páginas eletrônicas.
010801;01;08;01;Planejamento, confecçăo, manutençăo e atualizaçăo de páginas eletrônicas.
;01;09;00;Disponibilizaçăo, sem cessăo definitiva, de conteúdos de áudio, vídeo, imagem e texto por meio da internet, respeitada a imunidade de livros, jornais e periódicos (exceto a distribuiçăo de conteúdos pelas prestadoras de Serviço de Acesso Condicionado, de que trata a Lei nş 12.485, de 12 de setembro de 2011, sujeita ao ICMS).
010901;01;09;01;Disponibilizaçăo, sem cessăo definitiva, de conteúdos de áudio por meio da internet (exceto a distribuiçăo de conteúdos pelas prestadoras de Serviço de Acesso Condicionado, de que trata a Lei nş 12.485, de 12 de setembro de 2011, sujeita ao ICMS).
010902;01;09;02;Disponibilizaçăo, sem cessăo definitiva, de conteúdos de vídeo, imagem e texto por meio da internet, respeitada a imunidade de livros, jornais e periódicos (exceto a distribuiçăo de conteúdos pelas prestadoras de Serviço de Acesso Condicionado, de que trata a Lei nş 12.485, de 12 de setembro de 2011, sujeita ao ICMS).
;02;00;00;Serviços de pesquisas e desenvolvimento de qualquer natureza.
;02;01;00;Serviços de pesquisas e desenvolvimento de qualquer natureza.
020101;02;01;01;Serviços de pesquisas e desenvolvimento de qualquer natureza.
;03;00;00;Serviços prestados mediante locaçăo, cessăo de direito de uso e congęneres.
;03;02;00;Cessăo de direito de uso de marcas e de sinais de propaganda.
030201;03;02;01;Cessăo de direito de uso de marcas e de sinais de propaganda.
;03;03;00;Exploraçăo de salőes de festas, centro de convençőes, escritórios virtuais, stands, quadras esportivas, estádios, ginásios, auditórios, casas de espetáculos, parques de diversőes, canchas e congęneres, para realizaçăo de eventos ou negócios de qualquer natureza.
030301;03;03;01;Exploraçăo de salőes de festas, centro de convençőes, stands e congęneres, para realizaçăo de eventos ou negócios de qualquer natureza.
030302;03;03;02;Exploraçăo de escritórios virtuais e congęneres, para realizaçăo de eventos ou negócios de qualquer natureza.
030303;03;03;03;Exploraçăo de quadras esportivas, estádios, ginásios, canchas e congęneres, para realizaçăo de eventos ou negócios de qualquer natureza.
030304;03;03;04;Exploraçăo de auditórios, casas de espetáculos e congęneres, para realizaçăo de eventos ou negócios de qualquer natureza.
030305;03;03;05;Exploraçăo de parques de diversőes e congęneres, para realizaçăo de eventos ou negócios de qualquer natureza.
;03;04;00;Locaçăo, sublocaçăo, arrendamento, direito de passagem ou permissăo de uso, compartilhado ou năo, de ferrovia, rodovia, postes, cabos, dutos e condutos de qualquer natureza.
030401;03;04;01;Locaçăo, sublocaçăo, arrendamento, direito de passagem ou permissăo de uso, compartilhado ou năo, de ferrovia.
030402;03;04;02;Locaçăo, sublocaçăo, arrendamento, direito de passagem ou permissăo de uso, compartilhado ou năo, de rodovia.
030403;03;04;03;Locaçăo, sublocaçăo, arrendamento, direito de passagem ou permissăo de uso, compartilhado ou năo, de postes, cabos, dutos e condutos de qualquer natureza.
;03;05;00;Cessăo de andaimes, palcos, coberturas e outras estruturas de uso temporário.
030501;03;05;01;Cessăo de andaimes, palcos, coberturas e outras estruturas de uso temporário.
;04;00;00;Serviços de saúde, assistęncia médica e congęneres.
;04;01;00;Medicina e biomedicina.
040101;04;01;01;Medicina.
040102;04;01;02;Biomedicina.
;04;02;00;Análises clínicas, patologia, eletricidade médica, radioterapia, quimioterapia, ultra-sonografia, ressonância magnética, radiologia, tomografia e congęneres.
040201;04;02;01;Análises clínicas e congęneres.
040202;04;02;02;Patologia e congęneres.
040203;04;02;03;Eletricidade médica (eletroestimulaçăo de nervos e musculos, cardioversăo, etc) e congęneres.
040204;04;02;04;Radioterapia, quimioterapia e congęneres.
040205;04;02;05;Ultra-sonografia, ressonância magnética, radiologia, tomografia e congęneres.
;04;03;00;Hospitais, clínicas, laboratórios, sanatórios, manicômios, casas de saúde, prontos-socorros, ambulatórios e congęneres.
040301;04;03;01;Hospitais e congęneres.
040302;04;03;02;Laboratórios e congęneres.
040303;04;03;03;Clínicas, sanatórios, manicômios, casas de saúde, prontos-socorros, ambulatórios e congęneres.
;04;04;00;Instrumentaçăo cirúrgica.
040401;04;04;01;Instrumentaçăo cirúrgica.
;04;05;00;Acupuntura.
040501;04;05;01;Acupuntura.
;04;06;00;Enfermagem, inclusive serviços auxiliares.
040601;04;06;01;Enfermagem, inclusive serviços auxiliares.
;04;07;00;Serviços farmacęuticos.
040701;04;07;01;Serviços farmacęuticos.
;04;08;00;Terapia ocupacional, fisioterapia e fonoaudiologia.
040801;04;08;01;Terapia ocupacional.
040802;04;08;02;Fisioterapia.
040803;04;08;03;Fonoaudiologia.
;04;09;00;Terapias de qualquer espécie destinadas ao tratamento físico, orgânico e mental.
040901;04;09;01;Terapias de qualquer espécie destinadas ao tratamento físico, orgânico e mental.
;04;10;00;Nutriçăo.
041001;04;10;01;Nutriçăo.
;04;11;00;Obstetrícia.
041101;04;11;01;Obstetrícia.
;04;12;00;Odontologia.
041201;04;12;01;Odontologia.
;04;13;00;Ortóptica.
041301;04;13;01;Ortóptica.
;04;14;00;Próteses sob encomenda.
041401;04;14;01;Próteses sob encomenda.
;04;15;00;Psicanálise.
041501;04;15;01;Psicanálise.
;04;16;00;Psicologia.
041601;04;16;01;Psicologia.
;04;17;00;Casas de repouso e de recuperaçăo, creches, asilos e congęneres.
041701;04;17;01;Casas de repouso e congęneres.
041702;04;17;02;Casas de recuperaçăo e congęneres.
041703;04;17;03;Creches e congęneres.
041704;04;17;04;Asilos e congęneres.
;04;18;00;Inseminaçăo artificial, fertilizaçăo in vitro e congęneres.
041801;04;18;01;Inseminaçăo artificial, fertilizaçăo in vitro e congęneres.
;04;19;00;Bancos de sangue, leite, pele, olhos, óvulos, sęmen e congęneres.
041901;04;19;01;Bancos de sangue, leite, pele, olhos, óvulos, sęmen e congęneres.
;04;20;00;Coleta de sangue, leite, tecidos, sęmen, órgăos e materiais biológicos de qualquer espécie.
042001;04;20;01;Coleta de sangue, leite, tecidos, sęmen, órgăos e materiais biológicos de qualquer espécie.
;04;21;00;Unidade de atendimento, assistęncia ou tratamento móvel e congęneres.
042101;04;21;01;Unidade de atendimento, assistęncia ou tratamento móvel e congęneres.
;04;22;00;Planos de medicina de grupo ou individual e convęnios para prestaçăo de assistęncia médica, hospitalar, odontológica e congęneres.
042201;04;22;01;Planos de medicina de grupo ou individual e convęnios para prestaçăo de assistęncia médica, hospitalar, odontológica e congęneres.
;04;23;00;Outros planos de saúde que se cumpram através de serviços de terceiros contratados, credenciados, cooperados ou apenas pagos pelo operador do plano mediante indicaçăo do beneficiário.
042301;04;23;01;Outros planos de saúde que se cumpram através de serviços de terceiros contratados, credenciados, cooperados ou apenas pagos pelo operador do plano mediante indicaçăo do beneficiário.
;05;00;00;Serviços de medicina e assistęncia veterinária e congęneres.
;05;01;00;Medicina veterinária e zootecnia.
050101;05;01;01;Medicina veterinária
050102;05;01;02;Zootecnia.
;05;02;00;Hospitais, clínicas, ambulatórios, prontos-socorros e congęneres, na área veterinária.
050201;05;02;01;Hospitais e congęneres, na área veterinária.
050202;05;02;02;Clínicas, ambulatórios, prontos-socorros e congęneres, na área veterinária.
;05;03;00;Laboratórios de análise na área veterinária.
050301;05;03;01;Laboratórios de análise na área veterinária.
;05;04;00;Inseminaçăo artificial, fertilizaçăo in vitro e congęneres.
050401;05;04;01;Inseminaçăo artificial, fertilizaçăo in vitro e congęneres.
;05;05;00;Bancos de sangue e de órgăos e congęneres.
050501;05;05;01;Bancos de sangue e de órgăos e congęneres.
;05;06;00;Coleta de sangue, leite, tecidos, sęmen, órgăos e materiais biológicos de qualquer espécie.
050601;05;06;01;Coleta de sangue, leite, tecidos, sęmen, órgăos e materiais biológicos de qualquer espécie.
;05;07;00;Unidade de atendimento, assistęncia ou tratamento móvel e congęneres.
050701;05;07;01;Unidade de atendimento, assistęncia ou tratamento móvel e congęneres.
;05;08;00;Guarda, tratamento, amestramento, embelezamento, alojamento e congęneres.
050801;05;08;01;Guarda, tratamento, amestramento, embelezamento, alojamento e congęneres.
;05;09;00;Planos de atendimento e assistęncia médico-veterinária.
050901;05;09;01;Planos de atendimento e assistęncia médico-veterinária.
;06;00;00;Serviços de cuidados pessoais, estética, atividades físicas e congęneres.
;06;01;00;Barbearia, cabeleireiros, manicuros, pedicuros e congęneres.
060101;06;01;01;Barbearia, cabeleireiros, manicuros, pedicuros e congęneres.
;06;02;00;Esteticistas, tratamento de pele, depilaçăo e congęneres.
060201;06;02;01;Esteticistas, tratamento de pele, depilaçăo e congęneres.
;06;03;00;Banhos, duchas, sauna, massagens e congęneres.
060301;06;03;01;Banhos, duchas, sauna, massagens e congęneres.
;06;04;00;Ginástica, dança, esportes, nataçăo, artes marciais e demais atividades físicas.
060401;06;04;01;Ginástica, dança, esportes, nataçăo, artes marciais e demais atividades físicas.
;06;05;00;Centros de emagrecimento, spa e congęneres.
060501;06;05;01;Centros de emagrecimento, spa e congęneres.
;06;06;00;Aplicaçăo de tatuagens, piercings e congęneres.
060601;06;06;01;Aplicaçăo de tatuagens, piercings e congęneres.
;07;00;00;Serviços relativos a engenharia, arquitetura, geologia, urbanismo, construçăo civil, manutençăo, limpeza, meio ambiente, saneamento e congęneres.
;07;01;00;Engenharia, agronomia, agrimensura, arquitetura, geologia, urbanismo, paisagismo e congęneres.
070101;07;01;01;Engenharia e congęneres.
070102;07;01;02;Agronomia e congęneres.
070103;07;01;03;Agrimensura e congęneres.
070104;07;01;04;Arquitetura, urbanismo e congęneres.
070105;07;01;05;Geologia e congęneres.
070106;07;01;06;Paisagismo e congęneres.
;07;02;00;Execuçăo, por administraçăo, empreitada ou subempreitada, de obras de construçăo civil, hidráulica ou elétrica e de outras obras semelhantes, inclusive sondagem, perfuraçăo de poços, escavaçăo, drenagem e irrigaçăo, terraplanagem, pavimentaçăo, concretagem e a instalaçăo e montagem de produtos, peças e equipamentos (exceto o fornecimento de mercadorias produzidas pelo prestador de serviços fora do local da prestaçăo dos serviços, que fica sujeito ao ICMS).
070201;07;02;01;Execuçăo, por administraçăo, de obras de construçăo civil, hidráulica ou elétrica e de outras obras semelhantes, inclusive sondagem, perfuraçăo de poços, escavaçăo, drenagem e irrigaçăo, terraplanagem, pavimentaçăo, concretagem e a instalaçăo e montagem de produtos, peças e equipamentos (exceto o fornecimento de mercadorias produzidas pelo prestador de serviços fora do local da prestaçăo dos serviços, que fica sujeito ao ICMS).
070202;07;02;02;Execuçăo, por empreitada ou subempreitada, de obras de construçăo civil, hidráulica ou elétrica e de outras obras semelhantes, inclusive sondagem, perfuraçăo de poços, escavaçăo, drenagem e irrigaçăo, terraplanagem, pavimentaçăo, concretagem e a instalaçăo e montagem de produtos, peças e equipamentos (exceto o fornecimento de mercadorias produzidas pelo prestador de serviços fora do local da prestaçăo dos serviços, que fica sujeito ao ICMS).
;07;03;00;"Elaboraçăo de planos diretores, estudos de viabilidade, estudos organizacionais e outros, relacionados com obras e serviços de engenharia; elaboraçăo de anteprojetos, projetos básicos e projetos executivos para trabalhos de engenharia."
070301;07;03;01;Elaboraçăo de planos diretores, estudos de viabilidade, estudos organizacionais e outros, relacionados com obras e serviços de engenharia.
070302;07;03;02;Elaboraçăo de anteprojetos, projetos básicos e projetos executivos para trabalhos de engenharia.
;07;04;00;Demoliçăo.
070401;07;04;01;Demoliçăo.
;07;05;00;Reparaçăo, conservaçăo e reforma de edifícios, estradas, pontes, portos e congęneres (exceto o fornecimento de mercadorias produzidas pelo prestador dos serviços, fora do local da prestaçăo dos serviços, que fica sujeito ao ICMS).
070501;07;05;01;Reparaçăo, conservaçăo e reforma de edifícios e congęneres (exceto o fornecimento de mercadorias produzidas pelo prestador dos serviços, fora do local da prestaçăo dos serviços, que fica sujeito ao ICMS).
070502;07;05;02;Reparaçăo, conservaçăo e reforma de estradas, pontes, portos e congęneres (exceto o fornecimento de mercadorias produzidas pelo prestador dos serviços, fora do local da prestaçăo dos serviços, que fica sujeito ao ICMS).
;07;06;00;Colocaçăo e instalaçăo de tapetes, carpetes, assoalhos, cortinas, revestimentos de parede, vidros, divisórias, placas de gesso e congęneres, com material fornecido pelo tomador do serviço.
070601;07;06;01;Colocaçăo e instalaçăo de tapetes, carpetes, cortinas e congęneres, com material fornecido pelo tomador do serviço.
070602;07;06;02;Colocaçăo e instalaçăo de assoalhos, revestimentos de parede, vidros, divisórias, placas de gesso e congęneres, com material fornecido pelo tomador do serviço.
;07;07;00;Recuperaçăo, raspagem, polimento e lustraçăo de pisos e congęneres.
070701;07;07;01;Recuperaçăo, raspagem, polimento e lustraçăo de pisos e congęneres.
;07;08;00;Calafetaçăo.
070801;07;08;01;Calafetaçăo.
;07;09;00;Varriçăo, coleta, remoçăo, incineraçăo, tratamento, reciclagem, separaçăo e destinaçăo final de lixo, rejeitos e outros resíduos quaisquer.
070901;07;09;01;Varriçăo, coleta e remoçăo de lixo, rejeitos e outros resíduos quaisquer.
070902;07;09;02;Incineraçăo, tratamento, reciclagem, separaçăo e destinaçăo final de lixo, rejeitos e outros resíduos quaisquer.
;07;10;00;Limpeza, manutençăo e conservaçăo de vias e logradouros públicos, imóveis, chaminés, piscinas, parques, jardins e congęneres.
071001;07;10;01;Limpeza, manutençăo e conservaçăo de vias e logradouros públicos, parques, jardins e congęneres.
071002;07;10;02;Limpeza, manutençăo e conservaçăo de imóveis, chaminés, piscinas e congęneres.
;07;11;00;Decoraçăo e jardinagem, inclusive corte e poda de árvores.
071101;07;11;01;Decoraçăo.
071102;07;11;02;Jardinagem, inclusive corte e poda de árvores.
;07;12;00;Controle e tratamento de efluentes de qualquer natureza e de agentes físicos, químicos e biológicos.
071201;07;12;01;Controle e tratamento de efluentes de qualquer natureza e de agentes físicos, químicos e biológicos.
;07;13;00;Dedetizaçăo, desinfecçăo, desinsetizaçăo, imunizaçăo, higienizaçăo, desratizaçăo, pulverizaçăo e congęneres.
071301;07;13;01;Dedetizaçăo, desinfecçăo, desinsetizaçăo, imunizaçăo, higienizaçăo, desratizaçăo, pulverizaçăo e congęneres.
;07;16;00;Florestamento, reflorestamento, semeadura, adubaçăo, reparaçăo de solo, plantio, silagem, colheita, corte e descascamento de árvores, silvicultura, exploraçăo florestal e dos serviços congęneres indissociáveis da formaçăo, manutençăo e colheita de florestas, para quaisquer fins e por quaisquer meios.
071601;07;16;01;Florestamento, reflorestamento, semeadura, adubaçăo, reparaçăo de solo, plantio, silagem, colheita, corte e descascamento de árvores, silvicultura, exploraçăo florestal e dos serviços congęneres indissociáveis da formaçăo, manutençăo e colheita de florestas, para quaisquer fins e por quaisquer meios.
;07;17;00;Escoramento, contençăo de encostas e serviços congęneres.
071701;07;17;01;Escoramento, contençăo de encostas e serviços congęneres.
;07;18;00;Limpeza e dragagem de rios, portos, canais, baías, lagos, lagoas, represas, açudes e congęneres.
071801;07;18;01;Limpeza e dragagem de rios, portos, canais, baías, lagos, lagoas, represas, açudes e congęneres.
;07;19;00;Acompanhamento e fiscalizaçăo da execuçăo de obras de engenharia, arquitetura e urbanismo.
071901;07;19;01;Acompanhamento e fiscalizaçăo da execuçăo de obras de engenharia, arquitetura e urbanismo.
;07;20;00;Aerofotogrametria (inclusive interpretaçăo), cartografia, mapeamento, levantamentos topográficos, batimétricos, geográficos, geodésicos, geológicos, geofísicos e congęneres.
072001;07;20;01;Aerofotogrametria (inclusive interpretaçăo), cartografia, mapeamento e congęneres.
072002;07;20;02;Levantamentos batimétricos, geográficos, geodésicos, geológicos, geofísicos e congęneres.
072003;07;20;03;Levantamentos topográficos e congęneres.
;07;21;00;Pesquisa, perfuraçăo, cimentaçăo, mergulho, perfilagem, concretaçăo, testemunhagem, pescaria, estimulaçăo e outros serviços relacionados com a exploraçăo e explotaçăo de petróleo, gás natural e de outros recursos minerais.
072101;07;21;01;Pesquisa, perfuraçăo, cimentaçăo, mergulho, perfilagem, concretaçăo, testemunhagem, pescaria, estimulaçăo e outros serviços relacionados com a exploraçăo e explotaçăo de petróleo, gás natural e de outros recursos minerais.
;07;22;00;Nucleaçăo e bombardeamento de nuvens e congęneres.
072201;07;22;01;Nucleaçăo e bombardeamento de nuvens e congęneres.
;08;00;00;Serviços de educaçăo, ensino, orientaçăo pedagógica e educacional, instruçăo, treinamento e avaliaçăo pessoal de qualquer grau ou natureza.
;08;01;00;Ensino regular pré-escolar, fundamental, médio e superior.
080101;08;01;01;Ensino regular pré-escolar, fundamental e médio.
080102;08;01;02;Ensino regular superior.
;08;02;00;Instruçăo, treinamento, orientaçăo pedagógica e educacional, avaliaçăo de conhecimentos de qualquer natureza.
080201;08;02;01;Instruçăo, treinamento, orientaçăo pedagógica e educacional, avaliaçăo de conhecimentos de qualquer natureza.
;09;00;00;Serviços relativos a hospedagem, turismo, viagens e congęneres.
;09;01;00;"Hospedagem de qualquer natureza em hotéis, apart-service condominiais, flat, apart-hotéis, hotéis residęncia, residence-service, suite service, hotelaria marítima, motéis, pensőes e congęneres; ocupaçăo por temporada com fornecimento de serviço (o valor da alimentaçăo e gorjeta, quando incluído no preço da diária, fica sujeito ao Imposto Sobre Serviços)."
090101;09;01;01;Hospedagem em hotéis, hotelaria marítima e congęneres (o valor da alimentaçăo e gorjeta, quando incluído no preço da diária, fica sujeito ao Imposto Sobre Serviços).
090102;09;01;02;Hospedagem em pensőes, albergues, pousadas, hospedarias, ocupaçăo por temporada com fornecimento de serviços e congęneres (o valor da alimentaçăo e gorjeta, quando incluído no preço da diária, fica sujeito ao Imposto Sobre Serviços).
090103;09;01;03;Hospedagem em motéis e congęneres (o valor da alimentaçăo e gorjeta, quando incluído no preço da diária, fica sujeito ao Imposto Sobre Serviços).
090104;09;01;04;Hospedagem em apart-service condominiais, flat, apart-hotéis, hotéis residęncia, residence-service, suite service e congęneres (o valor da alimentaçăo e gorjeta, quando incluído no preço da diária, fica sujeito ao Imposto Sobre Serviços).
;09;02;00;Agenciamento, organizaçăo, promoçăo, intermediaçăo e execuçăo de programas de turismo, passeios, viagens, excursőes, hospedagens e congęneres.
090201;09;02;01;Agenciamento e intermediaçăo de programas de turismo, passeios, viagens, excursőes, hospedagens e congęneres.
090202;09;02;02;Organizaçăo, promoçăo e execuçăo de programas de turismo, passeios, viagens, excursőes, hospedagens e congęneres.
;09;03;00;Guias de turismo.
090301;09;03;01;Guias de turismo.
;10;00;00;Serviços de intermediaçăo e congęneres.
;10;01;00;Agenciamento, corretagem ou intermediaçăo de câmbio, de seguros, de cartőes de crédito, de planos de saúde e de planos de previdęncia privada.
100101;10;01;01;Agenciamento, corretagem ou intermediaçăo de câmbio.
100102;10;01;02;Agenciamento, corretagem ou intermediaçăo de seguros.
100103;10;01;03;Agenciamento, corretagem ou intermediaçăo de cartőes de crédito.
100104;10;01;04;Agenciamento, corretagem ou intermediaçăo de planos de saúde.
100105;10;01;05;Agenciamento, corretagem ou intermediaçăo de planos de previdęncia privada.
;10;02;00;Agenciamento, corretagem ou intermediaçăo de títulos em geral, valores mobiliários e contratos quaisquer.
100201;10;02;01;Agenciamento, corretagem ou intermediaçăo de títulos em geral e valores mobiliários.
100202;10;02;02;Agenciamento, corretagem ou intermediaçăo de contratos quaisquer.
;10;03;00;Agenciamento, corretagem ou intermediaçăo de direitos de propriedade industrial, artística ou literária.
100301;10;03;01;Agenciamento, corretagem ou intermediaçăo de direitos de propriedade industrial, artística ou literária.
;10;04;00;Agenciamento, corretagem ou intermediaçăo de contratos de arrendamento mercantil (leasing), de franquia (franchising) e de faturizaçăo (factoring).
100401;10;04;01;Agenciamento, corretagem ou intermediaçăo de contratos de arrendamento mercantil (leasing).
100402;10;04;02;Agenciamento, corretagem ou intermediaçăo de contratos de franquia (franchising).
100403;10;04;03;Agenciamento, corretagem ou intermediaçăo de faturizaçăo (factoring).
;10;05;00;Agenciamento, corretagem ou intermediaçăo de bens móveis ou imóveis, năo abrangidos em outros itens ou subitens, inclusive aqueles realizados no âmbito de Bolsas de Mercadorias e Futuros, por quaisquer meios.
100501;10;05;01;Agenciamento, corretagem ou intermediaçăo de bens móveis ou imóveis, năo abrangidos em outros itens ou subitens, por quaisquer meios.
100502;10;05;02;Agenciamento, corretagem ou intermediaçăo de bens móveis ou imóveis realizados no âmbito de Bolsas de Mercadorias e Futuros, por quaisquer meios.
;10;06;00;Agenciamento marítimo.
100601;10;06;01;Agenciamento marítimo.
;10;07;00;Agenciamento de notícias.
100701;10;07;01;Agenciamento de notícias.
;10;08;00;Agenciamento de publicidade e propaganda, inclusive o agenciamento de veiculaçăo por quaisquer meios.
100801;10;08;01;Agenciamento de publicidade e propaganda, inclusive o agenciamento de veiculaçăo por quaisquer meios.
;10;09;00;Representaçăo de qualquer natureza, inclusive comercial.
100901;10;09;01;Representaçăo de qualquer natureza, inclusive comercial.
;10;10;00;Distribuiçăo de bens de terceiros.
101001;10;10;01;Distribuiçăo de bens de terceiros.
;11;00;00;Serviços de guarda, estacionamento, armazenamento, vigilância e congęneres.
;11;01;00;Guarda e estacionamento de veículos terrestres automotores, de aeronaves e de embarcaçőes.
110101;11;01;01;Guarda e estacionamento de veículos terrestres automotores.
110102;11;01;02;Guarda e estacionamento de aeronaves e de embarcaçőes.
;11;02;00;Vigilância, segurança ou monitoramento de bens, pessoas e semoventes.
110201;11;02;01;Vigilância, segurança ou monitoramento de bens, pessoas e semoventes.
;11;03;00;Escolta, inclusive de veículos e cargas.
110301;11;03;01;Escolta, inclusive de veículos e cargas.
;11;04;00;Armazenamento, depósito, carga, descarga, arrumaçăo e guarda de bens de qualquer espécie.
110401;11;04;01;Armazenamento, depósito, guarda de bens de qualquer espécie.
110402;11;04;02;Carga, descarga, arrumaçăo de bens de qualquer espécie.
;11;05;00;Serviços relacionados ao monitoramento e rastreamento a distância, em qualquer via ou local, de veículos, cargas, pessoas e semoventes em circulaçăo ou movimento, realizados por meio de telefonia móvel, transmissăo de satélites, rádio ou qualquer outro meio, inclusive pelas empresas de Tecnologia da Informaçăo Veicular, independentemente de o prestador de serviços ser proprietário ou năo da infraestrutura de telecomunicaçőes que utiliza.
110501;11;05;01;Serviços relacionados ao monitoramento e rastreamento a distância, em qualquer via ou local, de veículos, cargas, pessoas e semoventes em circulaçăo ou movimento, realizados por meio de telefonia móvel, transmissăo de satélites, rádio ou qualquer outro meio, inclusive pelas empresas de Tecnologia da Informaçăo Veicular, independentemente de o prestador de serviços ser proprietário ou năo da infraestrutura de telecomunicaçőes que utiliza.  
;12;00;00;Serviços de diversőes, lazer, entretenimento e congęneres.
;12;01;00;Espetáculos teatrais.
120101;12;01;01;Espetáculos teatrais.
;12;02;00;Exibiçőes cinematográficas.
120201;12;02;01;Exibiçőes cinematográficas.
;12;03;00;Espetáculos circenses.
120301;12;03;01;Espetáculos circenses.
;12;04;00;Programas de auditório.
120401;12;04;01;Programas de auditório.
;12;05;00;Parques de diversőes, centros de lazer e congęneres.
120501;12;05;01;Parques de diversőes, centros de lazer e congęneres.
;12;06;00;Boates, taxi-dancing e congęneres.
120601;12;06;01;Boates, taxi-dancing e congęneres.
;12;07;00;Shows, ballet, danças, desfiles, bailes, óperas, concertos, recitais, festivais e congęneres.
120701;12;07;01;Shows, ballet, danças, desfiles, bailes, óperas, concertos, recitais, festivais e congęneres.
;12;08;00;Feiras, exposiçőes, congressos e congęneres.
120801;12;08;01;Feiras, exposiçőes, congressos e congęneres.
;12;09;00;Bilhares, boliches e diversőes eletrônicas ou năo.
120901;12;09;01;Bilhares.
120902;12;09;02;Boliches.
120903;12;09;03;Diversőes eletrônicas ou năo.
;12;10;00;Corridas e competiçőes de animais.
121001;12;10;01;Corridas e competiçőes de animais.
;12;11;00;Competiçőes esportivas ou de destreza física ou intelectual, com ou sem a participaçăo do espectador.
121101;12;11;01;Competiçőes esportivas ou de destreza física ou intelectual, com ou sem a participaçăo do espectador.
;12;12;00;Execuçăo de música.
121201;12;12;01;Execuçăo de música.
;12;13;00;Produçăo, mediante ou sem encomenda prévia, de eventos, espetáculos, entrevistas, shows, ballet, danças, desfiles, bailes, teatros, óperas, concertos, recitais, festivais e congęneres.
121301;12;13;01;Produçăo, mediante ou sem encomenda prévia, de eventos, espetáculos, entrevistas, shows, ballet, danças, desfiles, bailes, teatros, óperas, concertos, recitais, festivais e congęneres.
;12;14;00;Fornecimento de música para ambientes fechados ou năo, mediante transmissăo por qualquer processo.
121401;12;14;01;Fornecimento de música para ambientes fechados ou năo, mediante transmissăo por qualquer processo.
;12;15;00;Desfiles de blocos carnavalescos ou folclóricos, trios elétricos e congęneres.
121501;12;15;01;Desfiles de blocos carnavalescos ou folclóricos, trios elétricos e congęneres.
;12;16;00;Exibiçăo de filmes, entrevistas, musicais, espetáculos, shows, concertos, desfiles, óperas, competiçőes esportivas, de destreza intelectual ou congęneres.
121601;12;16;01;Exibiçăo de filmes, entrevistas, musicais, espetáculos, shows, concertos, desfiles, óperas, competiçőes esportivas, de destreza intelectual ou congęneres.
;12;17;00;Recreaçăo e animaçăo, inclusive em festas e eventos de qualquer natureza.
121701;12;17;01;Recreaçăo e animaçăo, inclusive em festas e eventos de qualquer natureza.
;13;00;00;Serviços relativos a fonografia, fotografia, cinematografia e reprografia.
;13;02;00;Fonografia ou gravaçăo de sons, inclusive trucagem, dublagem, mixagem e congęneres.
130201;13;02;01;Fonografia ou gravaçăo de sons, inclusive trucagem, dublagem, mixagem e congęneres.
;13;03;00;Fotografia e cinematografia, inclusive revelaçăo, ampliaçăo, cópia, reproduçăo, trucagem e congęneres.
130301;13;03;01;Fotografia e cinematografia, inclusive revelaçăo, ampliaçăo, cópia, reproduçăo, trucagem e congęneres.
;13;04;00;Reprografia, microfilmagem e digitalizaçăo.
130401;13;04;01;Reprografia, microfilmagem e digitalizaçăo.
;13;05;00;Composiçăo gráfica, inclusive confecçăo de impressos gráficos, fotocomposiçăo, clicheria, zincografia, litografia e fotolitografia, exceto se destinados a posterior operaçăo de comercializaçăo ou industrializaçăo, ainda que incorporados, de qualquer forma, a outra mercadoria que deva ser objeto de posterior circulaçăo, tais como bulas, rótulos, etiquetas, caixas, cartuchos, embalagens e manuais técnicos e de instruçăo, quando ficarăo sujeitos ao ICMS.
130501;13;05;01;Composiçăo gráfica, inclusive confecçăo de impressos gráficos, fotocomposiçăo, clicheria, zincografia, litografia e fotolitografia, exceto se destinados a posterior operaçăo de comercializaçăo ou industrializaçăo, ainda que incorporados, de qualquer forma, a outra mercadoria que deva ser objeto de posterior circulaçăo, tais como bulas, rótulos, etiquetas, caixas, cartuchos, embalagens e manuais técnicos e de instruçăo, quando ficarăo sujeitos ao ICMS.
;14;00;00;Serviços relativos a bens de terceiros.
;14;01;00;Lubrificaçăo, limpeza, lustraçăo, revisăo, carga e recarga, conserto, restauraçăo, blindagem, manutençăo e conservaçăo de máquinas, veículos, aparelhos, equipamentos, motores, elevadores ou de qualquer objeto (exceto peças e partes empregadas, que ficam sujeitas ao ICMS).
140101;14;01;01;Lubrificaçăo, limpeza, lustraçăo, revisăo, carga e recarga, conserto, restauraçăo, blindagem, manutençăo e conservaçăo de máquinas, veículos, aparelhos, equipamentos, motores, elevadores ou de qualquer objeto (exceto peças e partes empregadas, que ficam sujeitas ao ICMS).
;14;02;00;Assistęncia técnica.
140201;14;02;01;Assistęncia técnica.
;14;03;00;Recondicionamento de motores (exceto peças e partes empregadas, que ficam sujeitas ao ICMS).
140301;14;03;01;Recondicionamento de motores (exceto peças e partes empregadas, que ficam sujeitas ao ICMS).
;14;04;00;Recauchutagem ou regeneraçăo de pneus.
140401;14;04;01;Recauchutagem ou regeneraçăo de pneus.
;14;05;00;Restauraçăo, recondicionamento, acondicionamento, pintura, beneficiamento, lavagem, secagem, tingimento, galvanoplastia, anodizaçăo, corte, recorte, plastificaçăo, costura, acabamento, polimento e congęneres de objetos quaisquer.
140501;14;05;01;Restauraçăo, recondicionamento, acondicionamento, pintura, beneficiamento, lavagem, secagem, tingimento, galvanoplastia, anodizaçăo, corte, recorte, plastificaçăo, costura, acabamento, polimento e congęneres de objetos quaisquer.
;14;06;00;Instalaçăo e montagem de aparelhos, máquinas e equipamentos, inclusive montagem industrial, prestados ao usuário final, exclusivamente com material por ele fornecido.
140601;14;06;01;Instalaçăo e montagem de aparelhos, máquinas e equipamentos, inclusive montagem industrial, prestados ao usuário final, exclusivamente com material por ele fornecido.
;14;07;00;Colocaçăo de molduras e congęneres.
140701;14;07;01;Colocaçăo de molduras e congęneres.
;14;08;00;Encadernaçăo, gravaçăo e douraçăo de livros, revistas e congęneres.
140801;14;08;01;Encadernaçăo, gravaçăo e douraçăo de livros, revistas e congęneres.
;14;09;00;Alfaiataria e costura, quando o material for fornecido pelo usuário final, exceto aviamento.
140901;14;09;01;Alfaiataria e costura, quando o material for fornecido pelo usuário final, exceto aviamento.
;14;10;00;Tinturaria e lavanderia.
141001;14;10;01;Tinturaria e lavanderia.
;14;11;00;Tapeçaria e reforma de estofamentos em geral.
141101;14;11;01;Tapeçaria e reforma de estofamentos em geral.
;14;12;00;Funilaria e lanternagem.
141201;14;12;01;Funilaria e lanternagem.
;14;13;00;Carpintaria e serralheria.
141301;14;13;01;Carpintaria.
141302;14;13;02;Serralheria.
;14;14;00;Guincho intramunicipal, guindaste e içamento.
141401;14;14;01;Guincho intramunicipal.
141402;14;14;02;Guindaste e içamento.
141403;14;14;03;Guincho intramunicipal em construçăo civil.
141404;14;14;04;Guindaste e içamento em construçăo civil.
;15;00;00;Serviços relacionados ao setor bancário ou financeiro, inclusive aqueles prestados por instituiçőes financeiras autorizadas a funcionar pela Uniăo ou por quem de direito.
;15;01;00;Administraçăo de fundos quaisquer, de consórcio, de cartăo de crédito ou débito e congęneres, de carteira de clientes, de cheques pré-datados e congęneres.
150101;15;01;01;Administraçăo de fundos quaisquer e congęneres.
150102;15;01;02;Administraçăo de consórcio e congęneres.
150103;15;01;03;Administraçăo de cartăo de crédito ou débito e congęneres.
150104;15;01;04;Administraçăo de carteira de clientes e congęneres.
150105;15;01;05;Administraçăo de cheques pré-datados e congęneres.
;15;02;00;Abertura de contas em geral, inclusive conta-corrente, conta de investimentos e aplicaçăo e caderneta de poupança, no País e no exterior, bem como a manutençăo das referidas contas ativas e inativas.
150201;15;02;01;Abertura de conta-corrente no País, bem como a manutençăo da referida conta ativa e inativa.
150202;15;02;02;Abertura de conta-corrente no exterior, bem como a manutençăo da referida conta ativa e inativa.
150203;15;02;03;Abertura de conta de investimentos e aplicaçăo no País, bem como a manutençăo da referida conta ativa e inativa.
150204;15;02;04;Abertura de conta de investimentos e aplicaçăo no exterior, bem como a manutençăo da referida conta ativa e inativa.
150205;15;02;05;Abertura de caderneta de poupança no País, bem como a manutençăo da referida conta ativa e inativa.
150206;15;02;06;Abertura de caderneta de poupança no exterior, bem como a manutençăo da referida conta ativa e inativa.
150207;15;02;07;Abertura de contas em geral no País, năo abrangida em outro subitem, bem como a manutençăo das referidas contas ativas e inativas.
150208;15;02;08;Abertura de contas em geral no exterior, năo abrangida em outro subitem, bem como a manutençăo das referidas contas ativas e inativas.
;15;03;00;Locaçăo e manutençăo de cofres particulares, de terminais eletrônicos, de terminais de atendimento e de bens e equipamentos em geral.
150301;15;03;01;Locaçăo de cofres particulares.
150302;15;03;02;Manutençăo de cofres particulares.
150303;15;03;03;Locaçăo de terminais eletrônicos.
150304;15;03;04;Manutençăo de terminais eletrônicos.
150305;15;03;05;Locaçăo de terminais de atendimento.
150306;15;03;06;Manutençăo de terminais de atendimento.
150307;15;03;07;Locaçăo de bens e equipamentos em geral.
150308;15;03;08;Manutençăo de bens e equipamentos em geral.
;15;04;00;Fornecimento ou emissăo de atestados em geral, inclusive atestado de idoneidade, atestado de capacidade financeira e congęneres.
150401;15;04;01;Fornecimento ou emissăo de atestados em geral, inclusive atestado de idoneidade, atestado de capacidade financeira e congęneres.
;15;05;00;Cadastro, elaboraçăo de ficha cadastral, renovaçăo cadastral e congęneres, inclusăo ou exclusăo no Cadastro de Emitentes de Cheques sem Fundos - CCF ou em quaisquer outros bancos cadastrais.
150501;15;05;01;Cadastro, elaboraçăo de ficha cadastral, renovaçăo cadastral e congęneres.
150502;15;05;02;Inclusăo no Cadastro de Emitentes de Cheques sem Fundos - CCF.
150503;15;05;03;Exclusăo no Cadastro de Emitentes de Cheques sem Fundos - CCF.
150504;15;05;04;Inclusăo em quaisquer outros bancos cadastrais.
150505;15;05;05;Exclusăo em quaisquer outros bancos cadastrais.
;15;06;00;"Emissăo, reemissăo e fornecimento de avisos, comprovantes e documentos em geral; abono de firmas; coleta e entrega de documentos, bens e valores; comunicaçăo com outra agęncia ou com a administraçăo central; licenciamento eletrônico de veículos; transferęncia de veículos; agenciamento fiduciário ou depositário; devoluçăo de bens em custódia."
150601;15;06;01;Emissăo, reemissăo e fornecimento de avisos, comprovantes e documentos em geral
150602;15;06;02;Abono de firmas.
150603;15;06;03;Coleta e entrega de documentos, bens e valores.
150604;15;06;04;Comunicaçăo com outra agęncia ou com a administraçăo central.
150605;15;06;05;Licenciamento eletrônico de veículos.
150606;15;06;06;Transferęncia de veículos.
150607;15;06;07;Agenciamento fiduciário ou depositário.
150608;15;06;08;Devoluçăo de bens em custódia.
;15;07;00;"Acesso, movimentaçăo, atendimento e consulta a contas em geral, por qualquer meio ou processo, inclusive por telefone, fac-símile, internet e telex, acesso a terminais de atendimento, inclusive vinte e quatro horas; acesso a outro banco e ŕ rede compartilhada; fornecimento de saldo, extrato e demais informaçőes relativas a contas em geral, por qualquer meio ou processo."
150701;15;07;01;Acesso, movimentaçăo, atendimento e consulta a contas em geral, por qualquer meio ou processo, inclusive por telefone, fac-símile, internet e telex.
150702;15;07;02;Acesso a terminais de atendimento, inclusive vinte e quatro horas.
150703;15;07;03;Acesso a outro banco e ŕ rede compartilhada.
150704;15;07;04;Fornecimento de saldo, extrato e demais informaçőes relativas a contas em geral, por qualquer meio ou processo.
;15;08;00;"Emissăo, reemissăo, alteraçăo, cessăo, substituiçăo, cancelamento e registro de contrato de crédito; estudo, análise e avaliaçăo de operaçőes de crédito; emissăo, concessăo, alteraçăo ou contrataçăo de aval, fiança, anuęncia e congęneres; serviços relativos ŕ abertura de crédito, para quaisquer fins."
150801;15;08;01;Emissăo, reemissăo, alteraçăo, cessăo, substituiçăo, cancelamento e registro de contrato de crédito.
150802;15;08;02;Estudo, análise e avaliaçăo de operaçőes de crédito.
150803;15;08;03;Emissăo, concessăo, alteraçăo ou contrataçăo de aval, fiança, anuęncia e congęneres.
150804;15;08;04;Serviços relativos ŕ abertura de crédito, para quaisquer fins.
;15;09;00;Arrendamento mercantil (leasing) de quaisquer bens, inclusive cessăo de direitos e obrigaçőes, substituiçăo de garantia, alteraçăo, cancelamento e registro de contrato, e demais serviços relacionados ao arrendamento mercantil (leasing).
150901;15;09;01;Arrendamento mercantil (leasing) de quaisquer bens, inclusive cessăo de direitos e obrigaçőes, substituiçăo de garantia, alteraçăo, cancelamento e registro de contrato, e demais serviços relacionados ao arrendamento mercantil (leasing).
;15;10;00;"Serviços relacionados a cobranças, recebimentos ou pagamentos em geral, de títulos quaisquer, de contas ou carnęs, de câmbio, de tributos e por conta de terceiros, inclusive os efetuados por meio eletrônico, automático ou por máquinas de atendimento; fornecimento de posiçăo de cobrança, recebimento ou pagamento; emissăo de carnęs, fichas de compensaçăo, impressos e documentos em geral."
151001;15;10;01;Serviços relacionados a cobranças em geral, de títulos quaisquer, de contas ou carnęs, de câmbio, de tributos e por conta de terceiros, inclusive os efetuados por meio eletrônico, automático ou por máquinas de atendimento.
151002;15;10;02;Serviços relacionados a recebimentos em geral, de títulos quaisquer, de contas ou carnęs, de câmbio, de tributos e por conta de terceiros, inclusive os efetuados por meio eletrônico, automático ou por máquinas de atendimento.
151003;15;10;03;Serviços relacionados a pagamentos em geral, de títulos quaisquer, de contas ou carnęs, de câmbio, de tributos e por conta de terceiros, inclusive os efetuados por meio eletrônico, automático ou por máquinas de atendimento.
151004;15;10;04;Serviços relacionados a fornecimento de posiçăo de cobrança, recebimento ou pagamento.
151005;15;10;05;Serviços relacionados a emissăo de carnęs, fichas de compensaçăo, impressos e documentos em geral.
;15;11;00;Devoluçăo de títulos, protesto de títulos, sustaçăo de protesto, manutençăo de títulos, reapresentaçăo de títulos, e demais serviços a eles relacionados.
151101;15;11;01;Devoluçăo de títulos, protesto de títulos, sustaçăo de protesto, manutençăo de títulos, reapresentaçăo de títulos, e demais serviços a eles relacionados.
;15;12;00;Custódia em geral, inclusive de títulos e valores mobiliários.
151201;15;12;01;Custódia em geral, inclusive de títulos e valores mobiliários.
;15;13;00;"Serviços relacionados a operaçőes de câmbio em geral, ediçăo, alteraçăo, prorrogaçăo, cancelamento e baixa de contrato de câmbio; emissăo de registro de exportaçăo ou de crédito; cobrança ou depósito no exterior; emissăo, fornecimento e cancelamento de cheques de viagem; fornecimento, transferęncia, cancelamento e demais serviços relativos a carta de crédito de importaçăo, exportaçăo e garantias recebidas; envio e recebimento de mensagens em geral relacionadas a operaçőes de câmbio."
151301;15;13;01;Serviços relacionados a operaçőes de câmbio em geral, ediçăo, alteraçăo, prorrogaçăo, cancelamento e baixa de contrato de câmbio.
151302;15;13;02;Serviços relacionados a emissăo de registro de exportaçăo ou de crédito.
151303;15;13;03;Serviços relacionados a cobrança ou depósito no exterior.
151304;15;13;04;Serviços relacionados a emissăo, fornecimento e cancelamento de cheques de viagem.
151305;15;13;05;Serviços relacionados a fornecimento, transferęncia, cancelamento e demais serviços relativos a carta de crédito de importaçăo, exportaçăo e garantias recebidas.
151306;15;13;06;Serviços relacionados a envio e recebimento de mensagens em geral relacionadas a operaçőes de câmbio.
;15;14;00;Fornecimento, emissăo, reemissăo, renovaçăo e manutençăo de cartăo magnético, cartăo de crédito, cartăo de débito, cartăo salário e congęneres.
151401;15;14;01;Fornecimento, emissăo, reemissăo de cartăo magnético, cartăo de crédito, cartăo de débito, cartăo salário e congęneres.
151402;15;14;02;Renovaçăo de cartăo magnético, cartăo de crédito, cartăo de débito, cartăo salário e congęneres.
151403;15;14;03;Manutençăo de cartăo magnético, cartăo de crédito, cartăo de débito, cartăo salário e congęneres.
;15;15;00;"Compensaçăo de cheques e títulos quaisquer; serviços relacionados a depósito, inclusive depósito identificado, a saque de contas quaisquer, por qualquer meio ou processo, inclusive em terminais eletrônicos e de atendimento."
151501;15;15;01;Compensaçăo de cheques e títulos quaisquer.
151502;15;15;02;Serviços relacionados a depósito, inclusive depósito identificado, a saque de contas quaisquer, por qualquer meio ou processo, inclusive em terminais eletrônicos e de atendimento.
;15;16;00;"Emissăo, reemissăo, liquidaçăo, alteraçăo, cancelamento e baixa de ordens de pagamento, ordens de crédito e similares, por qualquer meio ou processo; serviços relacionados ŕ transferęncia de valores, dados, fundos, pagamentos e similares, inclusive entre contas em geral."
151601;15;16;01;Emissăo, reemissăo, liquidaçăo, alteraçăo, cancelamento e baixa de ordens de pagamento, ordens de crédito e similares, por qualquer meio ou processo.
151602;15;16;02;Serviços relacionados ŕ transferęncia de valores, dados, fundos, pagamentos e similares, inclusive entre contas em geral.
;15;17;00;Emissăo, fornecimento, devoluçăo, sustaçăo, cancelamento e oposiçăo de cheques quaisquer, avulso ou por talăo.
151701;15;17;01;Emissăo e fornecimento de cheques quaisquer, avulso ou por talăo.
151702;15;17;02;Devoluçăo de cheques quaisquer, avulso ou por talăo.
151703;15;17;03;Sustaçăo, cancelamento e oposiçăo de cheques quaisquer, avulso ou por talăo.
;15;18;00;Serviços relacionados a crédito imobiliário, avaliaçăo e vistoria de imóvel ou obra, análise técnica e jurídica, emissăo, reemissăo, alteraçăo, transferęncia e renegociaçăo de contrato, emissăo e reemissăo do termo de quitaçăo e demais serviços relacionados a crédito imobiliário.
151801;15;18;01;Serviços relacionados a crédito imobiliário, de avaliaçăo e vistoria de imóvel ou obra.
151802;15;18;02;Serviços relacionados a crédito imobiliário, de análise técnica e jurídica.
151803;15;18;03;Serviços relacionados a crédito imobiliário, de emissăo, reemissăo, alteraçăo, transferęncia e renegociaçăo de contrato.
151804;15;18;04;Serviços relacionados a crédito imobiliário, de emissăo e reemissăo do termo de quitaçăo.
151805;15;18;05;Demais serviços relacionados a crédito imobiliário.
;16;00;00;Serviços de transporte de natureza municipal.
;16;01;00;Serviços de transporte coletivo municipal rodoviário, metroviário, ferroviário e aquaviário de passageiros.
160101;16;01;01;Serviços de transporte coletivo municipal rodoviário de passageiros.
160102;16;01;02;Serviços de transporte coletivo municipal metroviário de passageiros.
160103;16;01;03;Serviços de transporte coletivo municipal ferroviário de passageiros.
160104;16;01;04;Serviços de transporte coletivo municipal aquaviário de passageiros.
;16;02;00;Outros serviços de transporte de natureza municipal.
160201;16;02;01;Outros serviços de transporte de natureza municipal.
;17;00;00;Serviços de apoio técnico, administrativo, jurídico, contábil, comercial e congęneres.
;17;01;00;"Assessoria ou consultoria de qualquer natureza, năo contida em outros itens desta lista; análise, exame, pesquisa, coleta, compilaçăo e fornecimento de dados e informaçőes de qualquer natureza, inclusive cadastro e similares."
170101;17;01;01;Assessoria ou consultoria de qualquer natureza, năo contida em outros itens desta lista.
170102;17;01;02;Análise, exame, pesquisa, coleta, compilaçăo e fornecimento de dados e informaçőes de qualquer natureza, inclusive cadastro e similares.
;17;02;00;Datilografia, digitaçăo, estenografia, expediente, secretaria em geral, resposta audível, redaçăo, ediçăo, interpretaçăo, revisăo, traduçăo, apoio e infra-estrutura administrativa e congęneres.
170201;17;02;01;Datilografia, digitaçăo, estenografia e congęneres.
170202;17;02;02;Expediente, secretaria em geral, apoio e infra-estrutura administrativa e congęneres.
170203;17;02;03;Resposta audível e congęneres.
170204;17;02;04;Redaçăo, ediçăo, revisăo e congęneres.
170205;17;02;05;Interpretaçăo, traduçăo e congęneres.
;17;03;00;Planejamento, coordenaçăo, programaçăo ou organizaçăo técnica, financeira ou administrativa.
170301;17;03;01;Planejamento, coordenaçăo, programaçăo ou organizaçăo técnica.
170302;17;03;02;Planejamento, coordenaçăo, programaçăo ou organizaçăo financeira.
170303;17;03;03;Planejamento, coordenaçăo, programaçăo ou organizaçăo administrativa.
;17;04;00;Recrutamento, agenciamento, seleçăo e colocaçăo de măo-de-obra.
170401;17;04;01;Recrutamento, agenciamento, seleçăo e colocaçăo de măo-de-obra.
;17;05;00;Fornecimento de măo-de-obra, mesmo em caráter temporário, inclusive de empregados ou trabalhadores, avulsos ou temporários, contratados pelo prestador de serviço.
170501;17;05;01;Fornecimento de măo-de-obra, mesmo em caráter temporário, inclusive de empregados ou trabalhadores, avulsos ou temporários, contratados pelo prestador de serviço.
;17;06;00;Propaganda e publicidade, inclusive promoçăo de vendas, planejamento de campanhas ou sistemas de publicidade, elaboraçăo de desenhos, textos e demais materiais publicitários.
170601;17;06;01;Propaganda e publicidade, inclusive promoçăo de vendas, planejamento de campanhas ou sistemas de publicidade, elaboraçăo de desenhos, textos e demais materiais publicitários.
;17;08;00;Franquia (franchising).
170801;17;08;01;Franquia (franchising).
;17;09;00;Perícias, laudos, exames técnicos e análises técnicas.
170901;17;09;01;Perícias, laudos, exames técnicos e análises técnicas.
;17;10;00;Planejamento, organizaçăo e administraçăo de feiras, exposiçőes, congressos e congęneres.
171001;17;10;01;Planejamento, organizaçăo e administraçăo de feiras, exposiçőes, e congęneres.
171002;17;10;02;Planejamento, organizaçăo e administraçăo de congressos e congęneres.
;17;11;00;"Organizaçăo de festas e recepçőes; bufę (exceto o fornecimento de alimentaçăo e bebidas, que fica sujeito ao ICMS)."
171101;17;11;01;Organizaçăo de festas e recepçőes.
171102;17;11;02;Bufę (exceto o fornecimento de alimentaçăo e bebidas, que fica sujeito ao ICMS).
;17;12;00;Administraçăo em geral, inclusive de bens e negócios de terceiros.
171201;17;12;01;Administraçăo em geral, inclusive de bens e negócios de terceiros.
;17;13;00;Leilăo e congęneres.
171301;17;13;01;Leilăo e congęneres.
;17;14;00;Advocacia
171401;17;14;01;Advocacia
;17;15;00;Arbitragem de qualquer espécie, inclusive jurídica.
171501;17;15;01;Arbitragem de qualquer espécie, inclusive jurídica.
;17;16;00;Auditoria.
171601;17;16;01;Auditoria.
;17;17;00;Análise de Organizaçăo e Métodos.
171701;17;17;01;Análise de Organizaçăo e Métodos.
;17;18;00;Atuária e cálculos técnicos de qualquer natureza.
171801;17;18;01;Atuária e cálculos técnicos de qualquer natureza.
;17;19;00;Contabilidade, inclusive serviços técnicos e auxiliares.
171901;17;19;01;Contabilidade, inclusive serviços técnicos e auxiliares.
;17;20;00;Consultoria e assessoria econômica ou financeira.
172001;17;20;01;Consultoria e assessoria econômica ou financeira.
;17;21;00;Estatística.
172101;17;21;01;Estatística.
;17;22;00;Cobrança em geral.
172201;17;22;01;Cobrança em geral.
;17;23;00;Assessoria, análise, avaliaçăo, atendimento, consulta, cadastro, seleçăo, gerenciamento de informaçőes, administraçăo de contas a receber ou a pagar e em geral, relacionados a operaçőes de faturizaçăo (factoring).
172301;17;23;01;Assessoria, análise, avaliaçăo, atendimento, consulta, cadastro, seleçăo, gerenciamento de informaçőes, administraçăo de contas a receber ou a pagar e em geral, relacionados a operaçőes de faturizaçăo (factoring).
;17;24;00;Apresentaçăo de palestras, conferęncias, seminários e congęneres.
172401;17;24;01;Apresentaçăo de palestras, conferęncias, seminários e congęneres.
;17;25;00;Inserçăo de textos, desenhos e outros materiais de propaganda e publicidade, em qualquer meio (exceto em livros, jornais, periódicos e nas modalidades de serviços de radiodifusăo sonora e de sons e imagens de recepçăo livre e gratuita).
172501;17;25;01;Inserçăo de textos, desenhos e outros materiais de propaganda e publicidade, em qualquer meio (exceto em livros, jornais, periódicos e nas modalidades de serviços de radiodifusăo sonora e de sons e imagens de recepçăo livre e gratuita).
;18;00;00;"Serviços de regulaçăo de sinistros vinculados a contratos de seguros; inspeçăo e avaliaçăo de riscos para cobertura de contratos de seguros; prevençăo e geręncia de riscos seguráveis e congęneres."
;18;01;00;"Serviços de regulaçăo de sinistros vinculados a contratos de seguros; inspeçăo e avaliaçăo de riscos para cobertura de contratos de seguros; prevençăo e geręncia de riscos seguráveis e congęneres."
180101;18;01;01;Serviços de regulaçăo de sinistros vinculados a contratos de seguros e congęneres.
180102;18;01;02;Serviços de inspeçăo e avaliaçăo de riscos para cobertura de contratos de seguros e congęneres.
180103;18;01;03;Serviços de prevençăo e geręncia de riscos seguráveis e congęneres.
;19;00;00;Serviços de distribuiçăo e venda de bilhetes e demais produtos de loteria, bingos, cartőes, pules ou cupons de apostas, sorteios, pręmios, inclusive os decorrentes de títulos de capitalizaçăo e congęneres.
;19;01;00;Serviços de distribuiçăo e venda de bilhetes e demais produtos de loteria, bingos, cartőes, pules ou cupons de apostas, sorteios, pręmios, inclusive os decorrentes de títulos de capitalizaçăo e congęneres.
190101;19;01;01;Serviços de distribuiçăo e venda de bilhetes e demais produtos de loteria, cartőes, pules ou cupons de apostas, sorteios, pręmios, inclusive os decorrentes de títulos de capitalizaçăo e congęneres.
190102;19;01;02;Serviços de distribuiçăo e venda de bingos e congęneres.
;20;00;00;Serviços portuários, aeroportuários, ferroportuários, de terminais rodoviários, ferroviários e metroviários.
;20;01;00;Serviços portuários, ferroportuários, utilizaçăo de porto, movimentaçăo de passageiros, reboque de embarcaçőes, rebocador escoteiro, atracaçăo, desatracaçăo, serviços de praticagem, capatazia, armazenagem de qualquer natureza, serviços acessórios, movimentaçăo de mercadorias, serviços de apoio marítimo, de movimentaçăo ao largo, serviços de armadores, estiva, conferęncia, logística e congęneres.
200101;20;01;01;Serviços portuários, ferroportuários, utilizaçăo de porto, movimentaçăo de passageiros, reboque de embarcaçőes, rebocador escoteiro, atracaçăo, desatracaçăo, serviços de praticagem, capatazia, armazenagem de qualquer natureza, serviços acessórios, movimentaçăo de mercadorias, serviços de apoio marítimo, de movimentaçăo ao largo, serviços de armadores, estiva, conferęncia, logística e congęneres. (prestado em terra)
200102;20;01;02;Serviços portuários, ferroportuários, utilizaçăo de porto, movimentaçăo de passageiros, reboque de embarcaçőes, rebocador escoteiro, atracaçăo, desatracaçăo, serviços de praticagem, capatazia, armazenagem de qualquer natureza, serviços acessórios, movimentaçăo de mercadorias, serviços de apoio marítimo, de movimentaçăo ao largo, serviços de armadores, estiva, conferęncia, logística e congęneres. (prestado em águas marinhas)
;20;02;00;Serviços aeroportuários, utilizaçăo de aeroporto, movimentaçăo de passageiros, armazenagem de qualquer natureza, capatazia, movimentaçăo de aeronaves, serviços de apoio aeroportuários, serviços acessórios, movimentaçăo de mercadorias, logística e congęneres.
200201;20;02;01;Serviços aeroportuários, utilizaçăo de aeroporto, movimentaçăo de passageiros, armazenagem de qualquer natureza, capatazia, movimentaçăo de aeronaves, serviços de apoio aeroportuários, serviços acessórios, movimentaçăo de mercadorias, logística e congęneres.
;20;03;00;Serviços de terminais rodoviários, ferroviários, metroviários, movimentaçăo de passageiros, mercadorias, inclusive suas operaçőes, logística e congęneres.
200301;20;03;01;Serviços de terminais rodoviários, ferroviários, metroviários, movimentaçăo de passageiros, mercadorias, inclusive suas operaçőes, logística e congęneres.
;21;00;00;Serviços de registros públicos, cartorários e notariais.
;21;01;00;Serviços de registros públicos, cartorários e notariais.
210101;21;01;01;Serviços de registros públicos, cartorários e notariais.
;22;00;00;Serviços de exploraçăo de rodovia.
;22;01;00;Serviços de exploraçăo de rodovia mediante cobrança de preço ou pedágio dos usuários, envolvendo execuçăo de serviços de conservaçăo, manutençăo, melhoramentos para adequaçăo de capacidade e segurança de trânsito, operaçăo, monitoraçăo, assistęncia aos usuários e outros serviços definidos em contratos, atos de concessăo ou de permissăo ou em normas oficiais.
220101;22;01;01;Serviços de exploraçăo de rodovia mediante cobrança de preço ou pedágio dos usuários, envolvendo execuçăo de serviços de conservaçăo, manutençăo, melhoramentos para adequaçăo de capacidade e segurança de trânsito, operaçăo, monitoraçăo, assistęncia aos usuários e outros serviços definidos em contratos, atos de concessăo ou de permissăo ou em normas oficiais.
;23;00;00;Serviços de programaçăo e comunicaçăo visual, desenho industrial e congęneres.
;23;01;00;Serviços de programaçăo e comunicaçăo visual, desenho industrial e congęneres.
230101;23;01;01;Serviços de programaçăo e comunicaçăo visual e congęneres.
230102;23;01;02;Serviços de desenho industrial e congęneres.
;24;00;00;Serviços de chaveiros, confecçăo de carimbos, placas, sinalizaçăo visual, banners, adesivos e congęneres.
;24;01;00;Serviços de chaveiros, confecçăo de carimbos, placas, sinalizaçăo visual, banners, adesivos e congęneres.
240101;24;01;01;Serviços de chaveiros, confecçăo de carimbos e congęneres.
240102;24;01;02;Serviços de placas, sinalizaçăo visual, banners, adesivos e congęneres.
;25;00;00;Serviços funerários.
;25;01;00;"Funerais, inclusive fornecimento de caixăo, urna ou esquifes; aluguel de capela; transporte do corpo cadavérico; fornecimento de flores, coroas e outros paramentos; desembaraço de certidăo de óbito; fornecimento de véu, essa e outros adornos; embalsamento, embelezamento, conservaçăo ou restauraçăo de cadáveres."
250101;25;01;01;"Funerais, inclusive fornecimento de caixăo, urna ou esquifes; aluguel de capela; transporte do corpo cadavérico; fornecimento de flores, coroas e outros paramentos; desembaraço de certidăo de óbito; fornecimento de véu, essa e outros adornos; embalsamento, embelezamento, conservaçăo ou restauraçăo de cadáveres."
;25;02;00;Translado intramunicipal e cremaçăo de corpos e partes de corpos cadavéricos.
250201;25;02;01;Translado intramunicipal de corpos e partes de corpos cadavéricos.
250202;25;02;02;Cremaçăo de corpos e partes de corpos cadavéricos.
;25;03;00;Planos ou convęnio funerários.
250301;25;03;01;Planos ou convęnio funerários.
;25;04;00;Manutençăo e conservaçăo de jazigos e cemitérios.
250401;25;04;01;Manutençăo e conservaçăo de jazigos e cemitérios.
;25;05;00;Cessăo de uso de espaços em cemitérios para sepultamento.
250501;25;05;01;Cessăo de uso de espaços em cemitérios para sepultamento.
;26;00;00;"Serviços de coleta, remessa ou entrega de correspondęncias, documentos, objetos, bens ou valores, inclusive pelos correios e suas agęncias franqueadas; courrier e congęneres."
;26;01;00;"Serviços de coleta, remessa ou entrega de correspondęncias, documentos, objetos, bens ou valores, inclusive pelos correios e suas agęncias franqueadas; courrier e congęneres."
260101;26;01;01;Serviços de coleta, remessa ou entrega de correspondęncias, documentos, objetos, bens ou valores, inclusive pelos correios e suas agęncias franqueadas.
260102;26;01;02;Serviços de courrier e congęneres.
;27;00;00;Serviços de assistęncia social.
;27;01;00;Serviços de assistęncia social.
270101;27;01;01;Serviços de assistęncia social.
;28;00;00;Serviços de avaliaçăo de bens e serviços de qualquer natureza.
;28;01;00;Serviços de avaliaçăo de bens e serviços de qualquer natureza.
280101;28;01;01;Serviços de avaliaçăo de bens e serviços de qualquer natureza.
;29;00;00;Serviços de biblioteconomia.
;29;01;00;Serviços de biblioteconomia.
290101;29;01;01;Serviços de biblioteconomia.
;30;00;00;Serviços de biologia, biotecnologia e química.
;30;01;00;Serviços de biologia, biotecnologia e química.
300101;30;01;01;Serviços de biologia e biotecnologia.
300102;30;01;02;Serviços de química.
;31;00;00;Serviços técnicos em edificaçőes, eletrônica, eletrotécnica, mecânica, telecomunicaçőes e congęneres.
;31;01;00;Serviços técnicos em edificaçőes, eletrônica, eletrotécnica, mecânica, telecomunicaçőes e congęneres.
310101;31;01;01;Serviços técnicos em edificaçőes e congęneres.
310102;31;01;02;Serviços técnicos em eletrônica, eletrotécnica e congęneres.
310103;31;01;03;Serviços técnicos em mecânica e congęneres.
310104;31;01;04;Serviços técnicos em telecomunicaçőes e congęneres.
;32;00;00;Serviços de desenhos técnicos.
;32;01;00;Serviços de desenhos técnicos.
320101;32;01;01;Serviços de desenhos técnicos.
;33;00;00;Serviços de desembaraço aduaneiro, comissários, despachantes e congęneres.
;33;01;00;Serviços de desembaraço aduaneiro, comissários, despachantes e congęneres.
330101;33;01;01;Serviços de desembaraço aduaneiro, comissários, despachantes e congęneres.
;34;00;00;Serviços de investigaçőes particulares, detetives e congęneres.
;34;01;00;Serviços de investigaçőes particulares, detetives e congęneres.
340101;34;01;01;Serviços de investigaçőes particulares, detetives e congęneres.
;35;00;00;Serviços de reportagem, assessoria de imprensa, jornalismo e relaçőes públicas.
;35;01;00;Serviços de reportagem, assessoria de imprensa, jornalismo e relaçőes públicas.
350101;35;01;01;Serviços de reportagem e jornalismo.
350102;35;01;02;Serviços de assessoria de imprensa.
350103;35;01;03;Serviços de relaçőes públicas.
;36;00;00;Serviços de meteorologia.
;36;01;00;Serviços de meteorologia.
360101;36;01;01;Serviços de meteorologia.
;37;00;00;Serviços de artistas, atletas, modelos e manequins.
;37;01;00;Serviços de artistas, atletas, modelos e manequins.
370101;37;01;01;Serviços de artistas, atletas, modelos e manequins.
;38;00;00;Serviços de museologia.
;38;01;00;Serviços de museologia.
380101;38;01;01;Serviços de museologia.
;39;00;00;Serviços de ourivesaria e lapidaçăo.
;39;01;00;Serviços de ourivesaria e lapidaçăo (quando o material for fornecido pelo tomador do serviço).
390101;39;01;01;Serviços de ourivesaria e lapidaçăo (quando o material for fornecido pelo tomador do serviço).
;40;00;00;Serviços relativos a obras de arte sob encomenda.
;40;01;00;Obras de arte sob encomenda.
400101;40;01;01;Obras de arte sob encomenda.
;99;00;00;Serviços sem a incidęncia de ISSQN e ICMS
;99;01;00;Serviços sem a incidęncia de ISSQN e ICMS
990101;99;01;01;Serviços sem a incidęncia de ISSQN e ICMS
